ACE,Course Label,Name,CH,Tags
1,ADPR 221,Strategic Writing for Advertising and Public Relations,3,"advertising, public relations, writing, communications"
1,ALEC 120,Science and Storytelling,3,"science, storytelling, communications, writing, agriculture"
1,BRDC 260,Media Writing and Content Development,3,"media, writing, content creation, broadcasting, communications"
1,BSAD 220,Business Writing,3,"business, writing, professional development, communications"
1,BSAD 220H,Honors Business Writing,3,"business, writing, honors, professional development, communications"
1,ENGL 150,Writing and Inquiry,3,"english, writing, inquiry, research, communications"
1,ENGL 150H,Honors Writing: Writing and Inquiry,3,"english, writing, honors, inquiry, research, communications"
1,ENGL 151,Writing for Change,3,"english, writing, advocacy, communications"
1,ENGL 151H,Honors Writing: Writing for Change,3,"english, writing, honors, advocacy, communications"
1,ENGR 220,Technical Writing in Engineering.,3,"engineering, writing, technical writing, communications"
1,ENGL 254,Writing and Communities,3,"english, writing, community, communications"
1,ENGL 254H,Honors: Writing and Communities,3,"english, writing, honors, community, communications"
1,ENGL 354,Writing: Uses of Literacy,3,"english, writing, literacy, communications"
1,GERM 403,Advanced Syntax and Stylistics in German,3,"german, writing, syntax, languages, communications"
1,JGEN 120,Basic Business Communication,3,"business, writing, communications"
1,JOUR 200B,Fundamentals of Editing and Reporting II,3,"journalism, writing, editing, reporting, communications"
1,SPAN 300A,Advanced Writing and Reading for Comprehension. Special Course for Heritage Speakers of Spanish,3,"spanish, writing, reading, heritage, languages, communications"
1,SPAN 304,Advanced Writing and Conversation,3,"spanish, writing, conversation, languages, communications"
1,SPMC 250,Beginning Sports Writing for News and Promotion,3,"sports, writing, news, promotion, journalism, communications"
2,ALEC 102,Interpersonal Skills for Leadership,3,"leadership, interpersonal, communication, agriculture"
2,ARTP 160,Street Art: Visual Voice in the Urban Environment,3,"art, street art, visual communication, urban, communication"
2,ARTP 189H,University Honors Seminar,3,"art, honors, seminar, communication"
2,COMM 101,Communication in the 21st Century,3,"communication, interpersonal, speaking"
2,COMM 101H,Honors: Communication in the 21st Century,3,"communication, honors, interpersonal, speaking"
2,COMM 209,Public Speaking,3,"communication, public speaking, speech"
2,COMM 209H,Honors: Public Speaking,3,"communication, honors, public speaking, speech"
2,COMM 210,Communicating in Small Groups,3,"communication, small groups, teamwork"
2,COMM 212,Debate,3,"communication, debate, argument, speaking"
2,COMM 215,Visual Communication,3,"communication, visual, media"
2,COMM 283,Interpersonal Communication,3,"communication, interpersonal, relationships"
2,COMM 286,Business and Professional Communication,3,"communication, business, professional, speaking"
2,COMM 290,University Speech and Debate Seminar,3,"communication, speech, debate, seminar"
2,COMM 311,Intercultural and Intergroup Communication,3,"communication, intercultural, diversity"
2,COMM 360,Dialogue Across Difference,3,"communication, dialogue, diversity, conflict resolution"
2,COMM 374,"Mental Health Communication: Communication, Stigma & (Dis)Connection",3,"communication, mental health, stigma, interpersonal"
2,EMAR 140,Visual Expression Studio I,3,"media, arts, visual expression, studio, communication"
2,ENGR 100,Interpersonal Skills for Engineering Leaders,3,"engineering, leadership, interpersonal, communication"
2,ENGR 100H,Honors: Interpersonal Skills for Engineering Leaders,3,"engineering, honors, leadership, interpersonal, communication"
2,GERM 303,Advanced Communication: Exploring Contested Identities,3,"german, communication, identities, languages"
2,JAPN 301,Advanced Conversation and Composition I,3,"japanese, communication, conversation, languages"
2,JAPN 302,Advanced Conversation and Composition II,3,"japanese, communication, conversation, languages"
2,JGEN 184,Basic Photography/Videography,3,"photography, videography, visual communication, media"
2,MRKT 257,Sales Communication,3,"marketing, sales, business, communication"
2,NUTR 302,"Health Information: Science, Media, and the Consumer",3,"nutrition, health, science, media, communication"
2,SOFT 261,Software Engineering IV,3,"software engineering, computing, teamwork, communication"
2,SOFT 261H,Software Engineering IV,3,"software engineering, honors, computing, teamwork, communication"
2,SPAN 303,Advanced Reading and Conversation,3,"spanish, reading, conversation, languages, communication"
2,TEAC 259,Instructional Technology,3,"education, technology, instructional, communication"
2,THEA 234,Scripts on Stage and Screen,3,"theater, scripts, stage, screen, performance, communication"
2,TMFD 121,Visual Communication with Animation,3,"textiles, visual communication, animation, design"
2,TMFD 144,Introduction to Design Theory and Criticism,3,"textiles, design theory, criticism, communication"
3,ANTH 484,Data Analytics in Anthropology,3,"anthropology, data analytics, statistics, reasoning"
3,CRIM 300,Applied Statistics and Data Processing in the Public Sector,3,"criminology, statistics, data processing, public sector, reasoning"
3,CSCE 101,Fundamentals of Computer Science,3,"computer science, computing, reasoning, logic"
3,EDPS 459,Statistical Methods,3,"education, statistics, methods, reasoning"
3,EMAR 160,Computation and Media Studio I,3,"media, arts, computation, studio, reasoning"
3,MATH 104,Applied Calculus,3,"math, calculus, applied, reasoning"
3,MATH 106,Calculus I,3,"math, calculus, reasoning"
3,MATH 107,Calculus II,3,"math, calculus, reasoning"
3,MATH 107H,Honors: Calculus II,3,"math, honors, calculus, reasoning"
3,MATH 203,Contemporary Mathematics,3,"math, contemporary, reasoning"
3,MATH 208,Calculus III,3,"math, calculus, reasoning"
3,MATH 208H,Honors: Calculus III,3,"math, honors, calculus, reasoning"
3,PHIL 110,Introduction to Logic and Critical Thinking,3,"philosophy, logic, critical thinking, reasoning"
3,PHIL 211,Introduction to Modern Logic,3,"philosophy, logic, modern, reasoning"
3,SOCI 206,Introduction to Social Statistics,3,"sociology, statistics, social, reasoning"
3,STAT 218,Introduction to Statistics,3,"statistics, math, reasoning"
3,STAT 380,Statistics and Applications,3,"statistics, math, applications, reasoning"
4,AGRI 115,"Biotechnology: Food, Health and Environment",3,"agriculture, biotechnology, food, health, environment, science"
4,AGST 109,Physical Principles in Agriculture and Life Sciences,3,"agriculture, physical principles, life sciences, science"
4,ANTH 232,Introduction to Archaeology,3,"anthropology, archaeology, history, science"
4,ANTH 242,Introduction to Biological Anthropology,3,"anthropology, biological, evolution, science"
4,ASCI 120,Animal Biology,3,"animal science, biology, animals, science"
4,ASTR 103,Descriptive Astronomy,3,"astronomy, space, descriptive, science"
4,ASTR 103H,Honors: Descriptive Astronomy,3,"astronomy, space, honors, science"
4,ASTR 113,Selected Topics in Astronomy,3,"astronomy, space, topics, science"
4,ASTR 117,Life in the Universe,3,"astronomy, space, universe, life, science"
4,ASTR 204,Introduction to Astronomy and Astrophysics,3,"astronomy, astrophysics, space, science"
4,BIOS 101,General Biology,3,"biology, general, life, science"
4,BIOS 110,Human Biology,3,"biology, human, life, science"
4,BIOS 189H,University Honors Seminar,3,"biology, honors, seminar, science"
4,CHEM 105A,Chemistry in Context I,3,"chemistry, context, physical, science"
4,CHEM 109A,General Chemistry I,3,"chemistry, general, physical, science"
4,CHEM 110A,General Chemistry II,3,"chemistry, general, physical, science"
4,CHEM 113A,Fundamental Chemistry I,3,"chemistry, fundamental, physical, science"
4,ENSC 220,Energy Systems and Sustainability,3,"environmental science, energy, sustainability, science"
4,ENTO 115,Insect Biology,3,"entomology, insects, biology, science"
4,FDST 131,The Science of Food,3,"food science, food, biology, chemistry, science"
4,FDST 131H,The Science of Food,3,"food science, honors, food, science"
4,FDST 301,Chemistry of Food,3,"food science, chemistry, food, science"
4,GEOG 155,Elements of Physical Geography,3,"geography, physical, earth, science"
4,GEOL 100,Introduction to Geology,3,"geology, earth, rocks, science"
4,GEOL 101,Dynamic Earth,3,"geology, earth, dynamic, science"
4,GEOL 103,Earth Through Time,3,"geology, earth, time, history, science"
4,GEOL 105,Fossils and the History of Life,3,"geology, fossils, history, life, science"
4,GEOL 106,Environmental Geology,3,"geology, environmental, earth, science"
4,GEOL 109,Oceanography,3,"geology, oceanography, oceans, water, science"
4,GEOL 110,Deadly Planet,3,"geology, planet, natural disasters, science"
4,GEOL 120,Geology of National Parks and Monuments,3,"geology, national parks, monuments, earth, science"
4,GEOL 125,Frontiers in Antarctic Geosciences,3,"geology, antarctica, earth, science"
4,LIFE 120,Fundamentals of Biology I,3,"biology, life, science"
4,LIFE 121,Fundamentals of Biology II,3,"biology, life, science"
4,METR 100,Weather and Climate,3,"meteorology, weather, climate, earth, science"
4,METR 140,Severe and Unusual Weather,3,"meteorology, weather, severe weather, science"
4,METR 180,"Climate Change, Energy, and the Environment",3,"meteorology, climate change, energy, environment, science"
4,NRES 115,Introduction to Environmental Science,3,"environmental science, natural resources, environment, science"
4,NRES 125,Introduction to Zoo and Aquarium Science,3,"environmental science, zoology, aquarium, animals, science"
4,PHYS 115,Descriptive Physics,3,"physics, descriptive, physical, science"
4,PHYS 141,Physics for Life Sciences I,3,"physics, life sciences, physical, science"
4,PHYS 141H,Honors: Physics for Life Sciences I,3,"physics, honors, life sciences, physical, science"
4,PHYS 151,Elements of Physics,3,"physics, physical, science"
4,PHYS 211,General Physics I,3,"physics, general, physical, science"
4,PHYS 211H,Honors: General Physics I,3,"physics, honors, general, physical, science"
4,PHYS 212,General Physics II,3,"physics, general, physical, science"
4,PHYS 212H,Honors: General Physics II,3,"physics, honors, general, physical, science"
4,PLAS 100,"Plants, Landscapes, & the Environment",3,"plant science, landscapes, environment, agriculture, science"
4,PLAS 131,Plant Science,3,"plant science, agriculture, science"
4,PLAS 153,Soil Resources,3,"plant science, soil, agriculture, earth, science"
4,POLS 250,"Genetics, Brains, and Politics",3,"political science, genetics, psychology, science"
4,PSYC 273,Brain & Behavior,3,"psychology, brain, behavior, neuroscience, science"
4,SCIL 109,Water in Society,3,"science literacy, water, society, environment, science"
4,TMFD 206,Textiles,3,"textiles, materials, science"
5,ANTH 260,Pandemics from Past to Present,3,"anthropology, pandemics, history, health, humanities"
5,ARCH 240,Architecture History and Theory I,3,"architecture, history, theory, humanities"
5,ARCH 241,Architecture History and Theory II,3,"architecture, history, theory, humanities"
5,AREN 377,Global Experiences in Architectural Engineering,3,"architectural engineering, global, study abroad, humanities"
5,CLAS 141,Spectacle and Entertainment in the Roman World,3,"classics, rome, history, entertainment, humanities"
5,CLAS 180,Classical Mythology,3,"classics, mythology, history, literature, humanities"
5,CLAS 222,Sparta,3,"classics, sparta, greece, history, humanities"
5,CLAS 241,Ancient Greek Athletics,3,"classics, greece, athletics, history, humanities"
5,CLAS 245,War in the Classical World,3,"classics, war, history, humanities"
5,CLAS 281,The World of Classical Greece,3,"classics, greece, history, culture, humanities"
5,CLAS 282,The World of Classical Rome,3,"classics, rome, history, culture, humanities"
5,CLAS 283,Epic Tales: The World's Heroes and Gods,3,"classics, mythology, literature, humanities"
5,CLAS 321,Women in Classical Mythology,3,"classics, mythology, women, gender, humanities"
5,COMM 250,"Rhetoric, Media, and Civic Life",3,"communication, rhetoric, media, civic life, humanities"
5,COMM 333,The Rhetoric of the American Presidency,3,"communication, rhetoric, politics, history, humanities"
5,CZEC 387,"Women Totalitarian Experience: Culture, Identity and Memory",3,"czech, women, history, culture, totalitarianism, humanities"
5,DSGN 140,History of Design,3,"design, history, humanities"
5,ENGL 107,Words on Fire: Seven Books to Light Your World,3,"english, literature, reading, humanities"
5,ENGL 180,Introduction to Literature,3,"english, literature, reading, humanities"
5,ENGL 189H,University Honors Seminar,3,"english, honors, seminar, literature, humanities"
5,ENGL 201,Introduction to Drama,3,"english, literature, drama, theater, humanities"
5,ENGL 202,Introduction to Poetry,3,"english, literature, poetry, humanities"
5,ENGL 205,Twentieth-Century Fiction,3,"english, literature, fiction, humanities"
5,ENGL 206,Science Fiction,3,"english, literature, science fiction, humanities"
5,ENGL 207,Reading Popular Literature,3,"english, literature, popular, reading, humanities"
5,ENGL 208,"Mystery, Gothic, and Detective Fiction",3,"english, literature, mystery, gothic, humanities"
5,ENGL 210I,Illness and Health in Literature,3,"english, literature, health, humanities"
5,ENGL 210L,Arthur in Legend and Literature,3,"english, literature, arthurian, mythology, humanities"
5,ENGL 210P,Literature of War and Peace,3,"english, literature, war, peace, humanities"
5,ENGL 211,Literature of Place,3,"english, literature, geography, humanities"
5,ENGL 212,Introduction to LGBTQ Literature,3,"english, literature, lgbtq, diversity, humanities"
5,ENGL 215,Introduction to Women's Literature,3,"english, literature, women, gender, humanities"
5,ENGL 216,Children's Literature,3,"english, literature, children, humanities"
5,ENGL 217,Introduction to Young Adult Literature,3,"english, literature, young adult, humanities"
5,ENGL 218,Literature and Psychology,3,"english, literature, psychology, humanities"
5,ENGL 230,British Literature: Anglo-Saxons through Enlightenment,3,"english, literature, british, history, humanities"
5,ENGL 230A,Shakespeare,3,"english, literature, shakespeare, drama, humanities"
5,ENGL 231,British Literature: Romantics Through Modernists,3,"english, literature, british, history, humanities"
5,ENGL 231H,Honors: British Literature: Romantics Through Modernists,3,"english, literature, honors, british, humanities"
5,ENGL 242,Global Literatures since 1850,3,"english, literature, global, international, humanities"
5,ENGL 244,African American Literature since 1865,3,"english, literature, african american, diversity, humanities"
5,ENGL 244E,African American Literature before 1865,3,"english, literature, african american, history, humanities"
5,ENGL 244A,Introduction to African Literature,3,"english, literature, african, global, humanities"
5,ENGL 245A,Introduction to Asian American Literature,3,"english, literature, asian american, diversity, humanities"
5,ENGL 245J,Jewish-American Literature,3,"english, literature, jewish american, diversity, humanities"
5,ENGL 245N,Introduction to Native American Literature,3,"english, literature, native american, diversity, humanities"
5,ENGL 260,American Literature before 1865,3,"english, literature, american, history, humanities"
5,ENGL 261,American Literature since 1865,3,"english, literature, american, history, humanities"
5,ENGL 270,Literary Criticism and Theory,3,"english, literature, criticism, theory, humanities"
5,ENGL 275,Introduction to Rhetorical Theory,3,"english, rhetoric, theory, communication, humanities"
5,ENGL 277,Being Human in a Digital Age,3,"english, digital, technology, humanity, humanities"
5,ENGL 278,Introduction to Digital Humanities,3,"english, digital humanities, technology, humanities"
5,ENGL 301B,Twentieth-Century Drama,3,"english, literature, drama, theater, humanities"
5,ENGL 302A,Poetry since 1945,3,"english, literature, poetry, humanities"
5,ENGL 303,Short Story,3,"english, literature, short story, humanities"
5,ENGL 305A,The Birth of the Novel,3,"english, literature, novel, history, humanities"
5,ENGL 312,LGBTQ Literature and Film,3,"english, literature, film, lgbtq, humanities"
5,ENGL 317,Literature and the Environment,3,"english, literature, environment, humanities"
5,ENGL 317A,Literature and the Environment,3,"english, literature, environment, humanities"
5,ENGL 330A,Shakespeare on Screen,3,"english, literature, shakespeare, film, humanities"
5,ENGL 331,British Authors Since 1800,3,"english, literature, british, humanities"
5,ENGL 333A,Willa Cather and Her World,3,"english, literature, willa cather, history, humanities"
5,ENGL 344D,Caribbean Literature,3,"english, literature, caribbean, global, humanities"
5,ENGL 345D,Chicana and/or Chicano Literature,3,"english, literature, chicana, chicano, diversity, humanities"
5,ENGL 345N,Native American Women Writers,3,"english, literature, native american, women, diversity, humanities"
5,ENGL 346,Cuban-American Literature,3,"english, literature, cuban american, diversity, humanities"
5,ENGL 365,Introduction to Nineteenth-Century British Literature,3,"english, literature, british, history, humanities"
5,FILM 269,Film Period,3,"film, history, period, humanities"
5,FREN 301,Survey of French Literature,3,"french, literature, history, humanities"
5,FREN 302,Themes in French Literature,3,"french, literature, themes, humanities"
5,FREN 387,The Environment and the French-Speaking World,3,"french, environment, culture, global, humanities"
5,FREN 388,"Body Language: Love, Politics, and the Self in French Literature",3,"french, literature, politics, self, humanities"
5,GEOG 334,Historical Geography of the Great Plains,3,"geography, history, great plains, humanities"
5,GERM 302,"Contemporary German Culture: Film, Literature, Theater",3,"german, culture, film, literature, theater, humanities"
5,GPSP 377,Women of the Great Plains,3,"great plains, women, history, culture, humanities"
5,HIST 110,American History to 1877,3,"history, american, humanities"
5,HIST 110H,Honors: American History to 1877,3,"history, american, honors, humanities"
5,HIST 111,American History After 1877,3,"history, american, modern, humanities"
5,HIST 111H,Honors: American History After 1877,3,"history, american, honors, modern, humanities"
5,HIST 112,History of the U.S. Present,3,"history, american, contemporary, humanities"
5,HIST 123,Edison to Facebook: Technological Innovation in Modern America,3,"history, technology, american, innovation, humanities"
5,HIST 130,Premodern Europe,3,"history, europe, premodern, humanities"
5,HIST 131,Modern Europe,3,"history, europe, modern, humanities"
5,HIST 131H,Honors: Modern Europe,3,"history, europe, honors, modern, humanities"
5,HIST 165,America by Disaster,3,"history, american, disaster, environment, humanities"
5,HIST 189H,University Honors Seminar,3,"history, honors, seminar, humanities"
5,HIST 204,Women and Gender in U.S. History,3,"history, women, gender, american, humanities"
5,HIST 209,Ancient Greece,3,"history, ancient, greece, humanities"
5,HIST 210,Ancient Rome,3,"history, ancient, rome, humanities"
5,HIST 211,History of the Middle Ages,3,"history, middle ages, medieval, humanities"
5,HIST 216,History of Christianity,3,"history, christianity, religion, humanities"
5,HIST 221,Science in History,3,"history, science, humanities"
5,HIST 222,History of Sport,3,"history, sport, culture, humanities"
5,HIST 228,History of Medicine in Western Society,3,"history, medicine, western, health, humanities"
5,HIST 231,Revolutions and Misbehaving Monarchs in Pre-Modern England,3,"history, england, revolution, monarchy, humanities"
5,HIST 232,History of England Since the Glorious Revolution,3,"history, england, modern, humanities"
5,HIST 249,History of the American Family,3,"history, american, family, society, humanities"
5,HIST 256,Graphic Novels As History,3,"history, graphic novels, literature, culture, humanities"
5,HIST 261,Russia to the Era of Catherine the Great,3,"history, russia, premodern, humanities"
5,HIST 262,Russia: The Nineteenth Century to the Present,3,"history, russia, modern, humanities"
5,HMED 230,Introduction to Medical Humanities,3,"medical humanities, medicine, health, humanities"
5,IDES 445,History of Interiors and Designed Objects,3,"design, history, interiors, objects, humanities"
5,JOUR 189H,University Honors Seminar,3,"journalism, honors, seminar, humanities"
5,LARC 241,History of Landscape Architecture,3,"landscape architecture, history, design, humanities"
5,MODL 189H,University Honors Seminar,3,"languages, modern languages, honors, seminar, humanities"
5,NRES 130,People of Great Plains,3,"natural resources, great plains, people, environment, humanities"
5,NRES 289,People and the Land: Human Environmental Interactions on the Great Plains,3,"natural resources, environment, great plains, geography, humanities"
5,PHIL 101,Introduction to Philosophy,3,"philosophy, logic, ethics, humanities"
5,PHIL 105,The Philosophy of Food,3,"philosophy, food, ethics, humanities"
5,PHIL 213,Medical Ethics,3,"philosophy, ethics, medicine, health, humanities"
5,PHIL 216,Introduction to Psychology and Philosophy,3,"philosophy, psychology, mind, humanities"
5,PHIL 217,Philosophy of Cognitive Science,3,"philosophy, cognitive science, mind, humanities"
5,PHIL 218,Philosophy of Feminism,3,"philosophy, feminism, gender, humanities"
5,PHIL 220,Elements of Ethics,3,"philosophy, ethics, morality, humanities"
5,PHIL 221,Political Philosophy,3,"philosophy, politics, society, humanities"
5,PHIL 230,Philosophy of Law,3,"philosophy, law, justice, humanities"
5,PHIL 231,History of Philosophy (Ancient),3,"philosophy, history, ancient, humanities"
5,PHIL 232,History of Philosophy (Modern),3,"philosophy, history, modern, humanities"
5,PHIL 265,Philosophy of Religion,3,"philosophy, religion, belief, humanities"
5,PHIL 301,Theory of Knowledge,3,"philosophy, epistemology, knowledge, humanities"
5,PHIL 302,Introduction to Metaphysics,3,"philosophy, metaphysics, reality, humanities"
5,PHIL 305,Introduction to Philosophy of Language,3,"philosophy, language, communication, humanities"
5,PHIL 314,Problems in the Philosophy of Mind,3,"philosophy, mind, consciousness, humanities"
5,PHIL 315,Personal Identity and Persistence,3,"philosophy, identity, self, humanities"
5,PHIL 317,Philosophy of Science,3,"philosophy, science, logic, humanities"
5,PHIL 320,Ethical Theory,3,"philosophy, ethics, morality, theory, humanities"
5,PHIL 327,Aesthetics,3,"philosophy, aesthetics, art, beauty, humanities"
5,PHIL 332,Spinoza,3,"philosophy, spinoza, history, humanities"
5,PHIL 336,Ethics: Ancient and Medieval,3,"philosophy, ethics, ancient, medieval, humanities"
5,PHIL 337,Knowledge: Ancient and Medieval,3,"philosophy, epistemology, ancient, medieval, humanities"
5,PHIL 338,Metaphysics: Ancient and Medieval,3,"philosophy, metaphysics, ancient, medieval, humanities"
5,RELG 150,Jesus: A Global History,3,"religion, history, christianity, global, humanities"
5,RELG 205,Introduction to the Hebrew Bible/Old Testament,3,"religion, bible, history, humanities"
5,RELG 206,Ways of Western Religion,3,"religion, western, history, humanities"
5,RELG 220,Reason and Religion,3,"religion, philosophy, reason, belief, humanities"
5,RELG 225,Science and Religion,3,"religion, science, belief, humanities"
5,RELG 381,Topics in Religion and Popular Culture,3,"religion, culture, popular, society, humanities"
5,SOIL 101,Soil and Society,3,"soil, society, agriculture, environment, humanities"
5,SPAN 305,The Analysis of Communication in Spanish,3,"spanish, communication, language, analysis, humanities"
5,SPAN 314,Ecological Imagination in Hispanic Culture,3,"spanish, ecology, culture, hispanic, humanities"
5,SPAN 315,Gender and Sexuality in Hispanic Culture,3,"spanish, gender, sexuality, culture, hispanic, humanities"
5,SPAN 331,War and Human Rights in Latin America,3,"spanish, war, human rights, latin america, humanities"
5,TMFD 407,History of Dress,3,"textiles, history, dress, fashion, humanities"
5,TMFD 408,"Textiles, Technology and Culture",3,"textiles, technology, culture, humanities"
6,AECN 141,Introduction to the Economics of Agriculture,3,"economics, agriculture, business, social science"
6,AECN 218,Intro to Behavioral Economics,3,"economics, behavioral, psychology, business, social science"
6,ALEC 202,Foundations of Leadership Theory and Practice ,3,"leadership, theory, practice, agriculture, social science"
6,ANTH 110,Introduction to Anthropology,3,"anthropology, culture, society, social science"
6,ANTH 130,Anthropology of the Great Plains,3,"anthropology, great plains, culture, social science"
6,ANTH 212,Introduction to Cultural Anthropology,3,"anthropology, culture, global, social science"
6,ANTH 215,Anthropology of Death,3,"anthropology, death, culture, society, social science"
6,ANTH 237,Ancient Mesoamerica,3,"anthropology, mesoamerica, ancient, history, social science"
6,ANTH 252,"World Archaeology, Global Heritage",3,"anthropology, archaeology, heritage, global, social science"
6,ANTH 337,Archaeology of the American Southwest,3,"anthropology, archaeology, american southwest, history, social science"
6,ANTH 447,Biology of Inequality,3,"anthropology, biology, inequality, society, social science"
6,ANTH 474,Development in Theory and Practice,3,"anthropology, development, theory, practice, social science"
6,BSAD 182H,Honors: Foundations of Economics,3,"business, economics, honors, foundations, social science"
6,COMM 370,Family Communication,3,"communication, family, relationships, society, social science"
6,CRIM 101,Survey of Criminal Justice,3,"criminology, justice, law, society, social science"
6,CYAF 160,Human Development and the Family,3,"family science, development, family, society, social science"
6,CYAF 160H,Honors: Human Development and the Family,3,"family science, honors, development, family, social science"
6,CYAF 280,Family Science,3,"family science, relationships, society, social science"
6,CYAF 380,Working with Families in Communities and Schools,3,"family science, communities, schools, society, social science"
6,ECON 200,Economic Essentials and Issues,3,"economics, essentials, business, society, social science"
6,ECON 211,Principles of Macroeconomics,3,"economics, macroeconomics, business, principles, social science"
6,ECON 211H,Honors: Principles of Macroeconomics,3,"economics, honors, macroeconomics, business, social science"
6,ECON 212,Principles of Microeconomics,3,"economics, microeconomics, business, principles, social science"
6,ECON 212H,Honors: Principles of Microeconomics,3,"economics, honors, microeconomics, business, social science"
6,EDPS 189H,Honors: How to Learn and Develop Talent,3,"education, psychology, honors, learning, talent, social science"
6,EDPS 209,Strategies for Academic Success,3,"education, psychology, success, strategies, social science"
6,EDPS 250,Fundamentals of Child Development for Education,3,"education, psychology, child development, social science"
6,EDPS 251,Fundamentals of Adolescent Development for Education,3,"education, psychology, adolescent development, social science"
6,EDPS 320,Happiness and Well-Being through Positive Psychology,3,"education, psychology, happiness, well-being, positive psychology, social science"
6,EDPS 350,Basic Helping Skills,3,"education, psychology, helping skills, counseling, social science"
6,EDPS 362,Learning in the Classroom,3,"education, psychology, learning, classroom, teaching, social science"
6,EDPS 386,Children's Mental Health and Mental Illness,3,"education, psychology, mental health, children, illness, social science"
6,EDPS 457,Learning and Motivation Principles for Secondary Teaching,3,"education, psychology, learning, motivation, teaching, social science"
6,ENGR 200,Professionalism and Global Perspective,3,"engineering, professionalism, global, society, social science"
6,ENGR 320,"Leadership, Management and Ethics",3,"engineering, leadership, management, ethics, social science"
6,FINA 260,Personal Finance,3,"finance, personal finance, business, money, social science"
6,GEOG 181,Global Environmental Issues,3,"geography, environment, global, society, social science"
6,GEOG 189H,University Honors Seminar,3,"geography, honors, seminar, social science"
6,GEOG 361,Urban Geography,3,"geography, urban, cities, society, social science"
6,GEOG 362,Rural Landscapes and Livelihoods in a Global World,3,"geography, rural, global, society, social science"
6,GERO 200,Introduction to Gerontology,3,"gerontology, aging, society, health, social science"
6,GLST 203,Machine Learning and Meaning: AI for Social Inquiry in a Globalized World,3,"global studies, machine learning, ai, society, technology, social science"
6,GLST 280,"Colonization, Decolonization and Globalization",3,"global studies, colonization, history, global, social science"
6,JOMC 317,Video Games & Society,3,"journalism, media, video games, society, technology, social science"
6,JOMC 322,Democracy and the Media: Trusting the News in a Hyper-Polarized Era,3,"journalism, media, democracy, news, politics, social science"
6,MUED 244,Music Learning and Development,3,"music education, music, learning, development, social science"
6,MUNM 301,Music and Sports: Performance and Perception,3,"music, sports, performance, psychology, social science"
6,MUNM 333,Psychology of Music,3,"music, psychology, mind, behavior, social science"
6,NRES 289,People and the Land: Human Environmental Interactions on the Great Plains,3,"natural resources, environment, great plains, geography, social science"
6,POLS 100,Power and Politics in America,3,"political science, politics, american, government, social science"
6,POLS 100H,Honors: Power and Politics in America,3,"political science, honors, politics, american, social science"
6,POLS 150,"Introduction to Biology, Psychology, and Politics",3,"political science, biology, psychology, politics, social science"
6,POLS 189H,University Honors Seminar,3,"political science, honors, seminar, social science"
6,POLS 227,The Presidency,3,"political science, presidency, government, american, social science"
6,POLS 230,"Elections, Political Parties, and Special Interests",3,"political science, elections, parties, american, social science"
6,POLS 250,"Genetics, Brains, and Politics",3,"political science, genetics, psychology, politics, social science"
6,POLS 350,"Issues in Biology, Psychology, and Politics",3,"political science, biology, psychology, politics, social science"
6,POLS 375,Conflict and Development in Africa,3,"political science, conflict, development, africa, global, social science"
6,POLS 450,Conducting Research in Political Psychology,3,"political science, research, psychology, politics, social science"
6,PSYC 181,Introduction to Psychology,3,"psychology, mind, behavior, social science"
6,PSYC 181H,Honors: Introduction to Psychology,3,"psychology, honors, mind, behavior, social science"
6,PSYC 189H,University Honors Seminar,3,"psychology, honors, seminar, social science"
6,PSYC 288,The Psychology of Social Behavior,3,"psychology, social behavior, society, social science"
6,SOCI 101,Introduction to Sociology,3,"sociology, society, culture, social science"
6,SOCI 180,Social Problems,3,"sociology, society, problems, social science"
6,SOCI 200,Gender in Contemporary Society,3,"sociology, gender, society, contemporary, social science"
6,SOCI 209,Sociology of Crime,3,"sociology, crime, justice, society, social science"
6,SOCI 217,Sociology of Race and Ethnicity,3,"sociology, race, ethnicity, society, diversity, social science"
6,SOCI 226,Families and Society,3,"sociology, families, society, relationships, social science"
7,AHIS 101,Cave Paintings to Cathedrals,3,"art history, art, history, ancient, arts"
7,AHIS 102,Renaissance to Modern Art,3,"art history, art, history, modern, arts"
7,ARCH 240,Architecture History and Theory I,3,"architecture, history, theory, design, arts"
7,ARCH 241,Architecture History and Theory II,3,"architecture, history, theory, design, arts"
7,ARTP 189H,University Honors Seminar,3,"art, honors, seminar, arts"
7,ARTP 270,Computational Creativity,3,"art, computation, creativity, technology, arts"
7,ARTP 383,Art at Cedar Point,3,"art, studio, cedar point, arts"
7,CERM 131,Ceramics for Non-majors: Wheelthrowing,3,"ceramics, art, wheelthrowing, studio, arts"
7,CERM 132,Ceramics for Non-Majors: Handbuilding,3,"ceramics, art, handbuilding, studio, arts"
7,DANC 159,Introduction to Dance History,3,"dance, history, performance, arts"
7,DRAW 101,Beginning Drawing,3,"drawing, art, studio, arts"
7,DSGN 110,Design Thinking,3,"design, thinking, creativity, arts"
7,EMAR 110,Story Lab I,3,"media arts, story, lab, creativity, arts"
7,ENGL 170,Beginning Creative Writing,3,"english, creative writing, writing, arts"
7,ENGL 251,Introduction to Creative Nonfiction Writing,3,"english, creative nonfiction, writing, arts"
7,ENGL 252,Introduction to Fiction Writing,3,"english, fiction, writing, arts"
7,ENGL 253,Introduction to Poetry Writing,3,"english, poetry, writing, arts"
7,ENGL 276,Interactive Narrative and Game Design,3,"english, narrative, game design, writing, technology, arts"
7,ENGL 352,Intermediate Fiction Writing,3,"english, fiction, writing, arts"
7,FILM 100,Language of Cinema,3,"film, cinema, language, media, arts"
7,FILM 200,Introduction to Film History,3,"film, history, media, arts"
7,FILM 219,Film Genre,3,"film, genre, media, arts"
7,FILM 239,Film Directors,3,"film, directors, media, arts"
7,FILM 349,National Cinemas,3,"film, national, global, media, arts"
7,FILM 373,Film Theory and Criticism,3,"film, theory, criticism, media, arts"
7,FILM 413,Film,3,"film, media, arts"
7,FILM 439,Film Directors,3,"film, directors, media, arts"
7,FILM 459,Writing For Film,3,"film, writing, screenwriting, media, arts"
7,IDES 201,Introduction to Product & Industrial Design,3,"design, product, industrial, creativity, arts"
7,IDES 445,History of Interiors and Designed Objects,3,"design, interiors, objects, history, arts"
7,MUNM 171,Arts Alive at Nebraska,3,"music, arts, performance, arts"
7,MUNM 189H,University Honors Seminar,3,"music, honors, seminar, arts"
7,MUNM 201,Contemporary Issues in Music and the Arts,3,"music, contemporary, arts"
7,MUNM 275,Music in Film,3,"music, film, media, arts"
7,MUNM 276G,The Music Experience,3,"music, experience, arts"
7,MUNM 286,The Roots of Country Music,3,"music, country, history, arts"
7,MUNM 287,The History of Rock Music,3,"music, rock, history, arts"
7,MUNM 301,Music and Sports: Performance and Perception,3,"music, sports, performance, psychology, arts"
7,MUNM 333,Psychology of Music,3,"music, psychology, mind, arts"
7,MUNM 380,Music and Protest In Latin America,3,"music, protest, latin america, society, arts"
7,MUNM 387,History of American Jazz,3,"music, jazz, history, american, arts"
7,MUSC 160,"Music as Art, Discipline and Profession",3,"music, art, profession, arts"
7,MUSC 189H,University Honors Seminar,3,"music, honors, seminar, arts"
7,MUSC 280,World Music,3,"music, world, global, arts"
7,MUSC 282,Introduction to Music Composition and Digital Audio Production,3,"music, composition, digital audio, production, technology, arts"
7,PHIL 327,Aesthetics,3,"philosophy, aesthetics, beauty, art, arts"
7,PHOT 161,Photography for Non-majors,3,"photography, art, studio, arts"
7,PLAS 200,Landscape and Environmental Appreciation,3,"plant science, landscape, environment, appreciation, arts"
7,PLAS 261,Floral Design I,3,"plant science, floral design, design, arts"
7,PRNT 141,Printmaking for Non-majors,3,"printmaking, art, studio, arts"
7,SCLP 111,Sculpture for Non-majors,3,"sculpture, art, studio, arts"
7,THEA 112G,Introduction to Theatre,3,"theater, performance, stage, arts"
7,THEA 189H,University Honors Seminar,3,"theater, honors, seminar, arts"
8,ADPR 189H,University Honors Seminar,3,"advertising, public relations, honors, ethics, civic"
8,AECN 445,Agricultural and Natural Resource Policy Analysis,3,"economics, agriculture, policy, natural resources, civic"
8,ALEC 165,Pepsi Service Scholars,3,"leadership, service, scholars, civic"
8,ALEC 388,Ethics in Agriculture and Natural Resources,3,"leadership, ethics, agriculture, natural resources, civic"
8,ANTH 304,Archaeological Collections and Collections Management,3,"anthropology, archaeology, collections, management, civic"
8,ANTH 352,Indigenous Peoples of the Great Plains,3,"anthropology, indigenous, great plains, diversity, civic"
8,ARCH 107,Sustainability Basics and the Built Environment,3,"architecture, sustainability, environment, civic"
8,BLAW 300,"Business, Government & Society",3,"business law, government, society, ethics, civic"
8,BLAW 371,Legal Environment,3,"business law, legal, environment, ethics, civic"
8,BLAW 372,Business Law I,3,"business law, legal, ethics, civic"
8,BLAW 372H,Honors: Business Law I,3,"business law, honors, legal, ethics, civic"
8,BSAD 372H,Honors: Business Law,3,"business law, honors, legal, ethics, civic"
8,CHME 420,Chemical Process Safety,3,"chemical engineering, safety, ethics, civic"
8,CLAS 222,Sparta,3,"classics, sparta, history, civic"
8,CNST 420,Professional Practice and Ethics,3,"construction, professional practice, ethics, civic"
8,COMM 220,Public Advocacy and Civic Engagement,3,"communication, advocacy, civic engagement, society, civic"
8,COMM 330,Freedom of Speech,3,"communication, freedom of speech, law, society, civic"
8,COMM 375,Theories of Persuasion,3,"communication, persuasion, theory, civic"
8,CONE 206,Engineering Economics,3,"engineering, economics, civic"
8,CRPL 400,Introduction to Planning,3,"community planning, introduction, civic"
8,CSCE 486,Computer Science Professional Development,3,"computer science, professional development, ethics, civic"
8,CSCE 486H,Honors Computer Science Professional Development,3,"computer science, honors, professional development, ethics, civic"
8,CSCE 488,Computer Engineering Professional Development,3,"computer engineering, professional development, ethics, civic"
8,CSCE 488H,Honors Computer Engineering Professional Development,3,"computer engineering, honors, professional development, ethics, civic"
8,CYAF 150,Life Skills For Success,3,"family science, life skills, success, civic"
8,ECEN 481,Electrical Engineering Capstone I,3,"electrical engineering, capstone, ethics, civic"
8,ECEN 483,Computer Engineering Capstone I,3,"computer engineering, capstone, ethics, civic"
8,ECON 200,Economic Essentials and Issues,3,"economics, essentials, society, civic"
8,ENGL 210P,Literature of War and Peace,3,"english, literature, war, peace, civic"
8,ENGL 275,Introduction to Rhetorical Theory,3,"english, rhetoric, theory, civic"
8,ENGL 376,Rhetoric: Argument and Society,3,"english, rhetoric, argument, society, civic"
8,ENGR 320,"Leadership, Management and Ethics",3,"engineering, leadership, management, ethics, civic"
8,ENGR 469,"Technology, Science and Civilization",3,"engineering, technology, science, civilization, civic"
8,ENVR 189H,University Honors Seminar,3,"environmental science, honors, seminar, civic"
8,ENVR 201,"Science, Systems, Environment and Sustainability",3,"environmental science, systems, sustainability, civic"
8,ENVR 334,Psychology of Environmental Sustainability,3,"environmental science, psychology, sustainability, civic"
8,ETHN 100,Introduction to Ethnic Studies,3,"ethnic studies, diversity, society, civic"
8,ETHN 200,Introduction to African American Studies,3,"african american studies, ethnic studies, diversity, civic"
8,ETHN 201,Introduction to Indigenous Studies,3,"indigenous studies, ethnic studies, diversity, civic"
8,GEOG 403,Environmental Justice,3,"geography, environmental justice, environment, civic"
8,HIST 115,"And Justice For All: Race, Gender, & the Law in US History ",3,"history, race, gender, law, american, civic"
8,HIST 243,Early America to 1800,3,"history, american, early america, civic"
8,HIST 244,19th Century America,3,"history, american, 19th century, civic"
8,HIST 245,Modern America Since 1900,3,"history, american, modern, civic"
8,HIST 265,The Global History of American Capitalism,3,"history, capitalism, global, american, civic"
8,IDES 415,Product Design for Change,3,"design, product design, change, civic"
8,JOMC 222,"Social Justice, Human Rights and the Media",3,"journalism, social justice, human rights, media, civic"
8,JOMC 422,"Race, Gender, and Media",3,"journalism, race, gender, media, civic"
8,JOMC 487,"Media, Ethics and Society",3,"journalism, media, ethics, society, civic"
8,NRES 330,Environmental Health,3,"natural resources, environmental health, health, civic"
8,PHIL 101,Introduction to Philosophy,3,"philosophy, ethics, logic, civic"
8,PHIL 105,The Philosophy of Food,3,"philosophy, food, ethics, civic"
8,PHIL 106,Philosophy and Current Issues,3,"philosophy, current issues, society, civic"
8,PHIL 107,Ethics of Emerging Media Arts,3,"philosophy, ethics, media arts, technology, civic"
8,PHIL 208,Business Ethics,3,"philosophy, business ethics, business, civic"
8,PHIL 212,Ethics of Technology and Big Data,3,"philosophy, ethics, technology, big data, civic"
8,PHIL 213,Medical Ethics,3,"philosophy, medical ethics, health, civic"
8,PHIL 221,Political Philosophy,3,"philosophy, political philosophy, politics, civic"
8,PHIL 225,Environmental Ethics,3,"philosophy, environmental ethics, environment, civic"
8,PHIL 230,Philosophy of Law,3,"philosophy, law, justice, civic"
8,PHIL 320,Ethical Theory,3,"philosophy, ethical theory, ethics, civic"
8,PHIL 323,Topics in Applied Ethics,3,"philosophy, applied ethics, ethics, civic"
8,PHIL 325,Advanced Social Political Philosophy,3,"philosophy, social philosophy, political philosophy, civic"
8,POLS 100,Power and Politics in America,3,"political science, power, politics, american, civic"
8,POLS 100H,Honors: Power and Politics in America,3,"political science, honors, power, politics, american, civic"
8,RAIK 401H,Honors: RAIK Design Studio I,3,"raikes, honors, design studio, civic"
8,RELG 227,Religion and Politics in America,3,"religion, politics, american, society, civic"
8,SCIL 101,Science and Decision-Making for a Complex World,3,"science literacy, decision-making, science, civic"
8,SCIL 101H,Science and Decision-making for a Complex World,3,"science literacy, honors, decision-making, science, civic"
8,SCIL 109,Water in Society,3,"science literacy, water, society, environment, civic"
8,SOCI 362,Ethics and the Responsible Conduct of Research,3,"sociology, ethics, research, civic"
8,SOCW 200,"Race, Class, and Gender",3,"social work, race, class, gender, diversity, civic"
8,SPMC 189H,"Issues and Ethics in Sports: Cheaters, Billionaires and Mega Media: American Sports in the 21st Cent",3,"sports media, honors, ethics, sports, civic"
8,TEAC 331,School and Society,3,"education, school, society, civic"
8,WMNS 210,Activism and Feminist Communities,3,"women's studies, activism, feminism, society, civic"
9,ADPR 438,Global Advertising,3,"advertising, global, international"
9,AECN 220,International Agricultural Trade,3,"economics, agriculture, international, trade, global"
9,AECN 346,World Food Economics,3,"economics, world food, food, global"
9,AECN 367,Agricultural Development in Developing Countries,3,"economics, agriculture, developing countries, global"
9,AECN 420,International Food and Agricultural Trade,3,"economics, food, international, trade, global"
9,AECN 425,Agricultural Marketing in a Multinational Environment,3,"economics, agriculture, multinational, marketing, global"
9,AGRI 282,Introduction to Global Agricultural and Natural Resources Issues,3,"agriculture, global, natural resources, international"
9,AGRI 310,Study Tours in International Agriculture,3,"agriculture, study tours, international, global"
9,ANTH 110,Introduction to Anthropology,3,"anthropology, culture, society, global"
9,ANTH 189H,University Honors Seminar,3,"anthropology, honors, seminar, global"
9,ANTH 237,Ancient Mesoamerica,3,"anthropology, mesoamerica, ancient, global"
9,ANTH 252,"World Archaeology, Global Heritage",3,"anthropology, archaeology, world, global heritage, global"
9,ANTH 265,Global Health,3,"anthropology, global health, health, global"
9,ANTH 386,Digital Heritage Tools,3,"anthropology, digital heritage, tools, technology, global"
9,ARAB 288,"Exploring Love, Sexuality and Femininity in the History of Arabic Culture",3,"arabic, culture, gender, history, global"
9,BSAD 320,Global Issues,3,"business, global issues, international, global"
9,BSAD 420,Global Leadership and the Culture Map,3,"business, global leadership, culture, international, global"
9,CHME 204,Carbon Footprints: From Greenhouse Gases to Global Warming,3,"chemical engineering, carbon footprint, global warming, environment, global"
9,CLAS 183,"Heroes, Wives, and Slaves",3,"classics, history, gender, global"
9,CLAS 309,Roman Religion,3,"classics, roman, religion, history, global"
9,COMM 311,Intercultural and Intergroup Communication,3,"communication, intercultural, intergroup, diversity, global"
9,COMM 315,The Empathy Project,3,"communication, empathy, relationships, global"
9,COMM 365,Indigenous Communication,3,"communication, indigenous, diversity, global"
9,COMM 435,Rhetorics of Race and Empire,3,"communication, rhetoric, race, empire, global"
9,CRIM 338,"Race, Ethnicity and Criminal Justice",3,"criminology, race, ethnicity, justice, diversity, global"
9,CRPL 300,The Community and the Future,3,"community planning, future, society, global"
9,CYAF 482A,"Learning Abroad with Child, Youth and Family Studies",3,"family science, learning abroad, international, global"
9,CYAF 495,Special Topics in Family and Cultural Diversity,3,"family science, cultural diversity, family, global"
9,ECON 321,Introduction to International Economics,3,"economics, international, global"
9,ENGL 212,Introduction to LGBTQ Literature,3,"english, literature, lgbtq, diversity, global"
9,ENGL 214,Introduction to African American and African Literary Theory,3,"english, literature, african american, theory, global"
9,ENGL 215,Introduction to Women's Literature,3,"english, literature, women, gender, global"
9,ENGL 242,Global Literatures since 1850,3,"english, literature, global, international, global"
9,ENGL 244,African American Literature since 1865,3,"english, literature, african american, global"
9,ENGL 244A,Introduction to African Literature,3,"english, literature, african, global"
9,ENGL 245A,Introduction to Asian American Literature,3,"english, literature, asian american, diversity, global"
9,ENGL 245J,Jewish-American Literature,3,"english, literature, jewish american, diversity, global"
9,ENGL 245N,Introduction to Native American Literature,3,"english, literature, native american, diversity, global"
9,ENGL 312,LGBTQ Literature and Film,3,"english, literature, film, lgbtq, diversity, global"
9,ENGL 315B,Women in Popular Culture,3,"english, literature, women, popular culture, global"
9,ENGL 344D,Caribbean Literature,3,"english, literature, caribbean, global"
9,ENGL 345D,Chicana and/or Chicano Literature,3,"english, literature, chicana, chicano, diversity, global"
9,ENGL 345N,Native American Women Writers,3,"english, literature, native american, women, diversity, global"
9,ENGL 346,Cuban-American Literature,3,"english, literature, cuban american, diversity, global"
9,ENGL 376,Rhetoric: Argument and Society,3,"english, rhetoric, argument, society, global"
9,ENGR 200,Professionalism and Global Perspective,3,"engineering, professionalism, global perspective, global"
9,ENSC 110,Energy in Perspective,3,"environmental science, energy, society, global"
9,ENVR 249,Individual and Cultural Perspectives on the Environment,3,"environmental science, culture, environment, global"
9,ETHN 100,Introduction to Ethnic Studies,3,"ethnic studies, diversity, society, global"
9,ETHN 200,Introduction to African American Studies,3,"african american studies, diversity, global"
9,ETHN 201,Introduction to Indigenous Studies,3,"indigenous studies, diversity, global"
9,ETHN 202,Introduction to Latinx Studies,3,"latinx studies, diversity, global"
9,ETHN 203,Introduction to Africa,3,"african studies, international, global"
9,FILM 211,Introduction to Gender and Sexuality in Film,3,"film, gender, sexuality, diversity, global"
9,FILM 311,Intermediate Studies in Gender and Sexuality in Film,3,"film, gender, sexuality, diversity, global"
9,FREN 387,The Environment and the French-Speaking World,3,"french, environment, international, global"
9,FREN 388,"Body Language: Love, Politics, and the Self in French Literature",3,"french, literature, politics, self, global"
9,GEOG 140,Introductory Human Geography,3,"geography, human geography, society, global"
9,GEOG 181,Global Environmental Issues,3,"geography, environment, international, global"
9,GEOG 271,Exploring North America and its Cultural Diversity,3,"geography, north america, culture, diversity, global"
9,GEOG 272,Geography of World Regions,3,"geography, world regions, international, global"
9,GEOG 380,Geography of Africa,3,"geography, africa, international, global"
9,GEOL 125,Frontiers in Antarctic Geosciences,3,"geology, antarctica, science, global"
9,GLST 202,People on the Move,3,"global studies, migration, society, global"
9,GLST 214,Food and Culture,3,"global studies, food, culture, global"
9,GPSP 377,Women of the Great Plains,3,"great plains, women, diversity, global"
9,HIST 113,History of Hip Hop,3,"history, music, hip hop, culture, global"
9,HIST 114,History of Modern Crime,3,"history, crime, society, global"
9,HIST 120,World History to 1500 CE,3,"history, world history, ancient, global"
9,HIST 121,World History Since 1500 CE,3,"history, world history, modern, global"
9,HIST 125,Powerful Queens and Warrior Women in the Premodern World,3,"history, women, premodern, global"
9,HIST 150,African Culture and Civilization,3,"history, africa, culture, civilization, global"
9,HIST 155,Villains and Heroes in Premodern World History,3,"history, premodern, society, global"
9,HIST 160,Native Americans in Popular Culture,3,"history, native americans, popular culture, diversity, global"
9,HIST 171,History of Latin America,3,"history, latin america, international, global"
9,HIST 181,Introduction to East Asian Civilization,3,"history, east asia, civilization, global"
9,HIST 206,History of Mexico,3,"history, mexico, international, global"
9,HIST 214,History of Islam,3,"history, islam, religion, global"
9,HIST 217,Israel: The Holy Land,3,"history, israel, religion, global"
9,HIST 219,Introduction to Jewish History,3,"history, jewish history, religion, global"
9,HIST 234,Coming to America,3,"history, immigration, american, global"
9,HIST 237,The Vikings,3,"history, vikings, europe, global"
9,HIST 241,Native American History,3,"history, native american, diversity, global"
9,HIST 247,African American History: After 1877,3,"history, african american, diversity, global"
9,HIST 251,"North American West: Borders, Nations, & Peoples",3,"history, north america, borders, diversity, global"
9,HIST 253,Empire and Resistance in the Modern World,3,"history, empire, resistance, global"
9,HIST 254,Human Rights in Modern World History,3,"history, human rights, modern, global"
9,HIST 282,Modern East Asia,3,"history, east asia, modern, global"
9,HIST 285,Africa Since 1800,3,"history, africa, modern, global"
9,HIST 286,The Music of Protest,3,"history, music, protest, culture, global"
9,HIST 358,Native American Women,3,"history, native american, women, diversity, global"
9,JOMC 222,"Social Justice, Human Rights and the Media",3,"journalism, social justice, human rights, media, global"
9,JOMC 380,Global News in the Age of Social Media,3,"journalism, global news, social media, global"
9,JOMC 422,"Race, Gender, and Media",3,"journalism, race, gender, media, diversity, global"
9,METR 270,"Global Warming: Science, Impacts, Solutions",3,"meteorology, global warming, environment, global"
9,MNGT 365,Managing Diversity in Organizations,3,"management, diversity, organizations, business, global"
9,MNGT 414,International Management,3,"management, international, business, global"
9,MODL 260,Becoming American: How Identities are Created and Re-Created,3,"modern languages, identity, american, culture, global"
9,MUNM 171,Arts Alive at Nebraska,3,"music, arts, performance, global"
9,MUNM 189H,University Honors Seminar,3,"music, honors, seminar, global"
9,MUNM 380,Music and Protest In Latin America,3,"music, protest, latin america, society, global"
9,MUSC 280,World Music,3,"music, world music, culture, global"
9,NRES 104,Climate in Crisis,3,"natural resources, climate, environment, global"
9,NRES 492,International Study Tours in Natural Resource Management,3,"natural resources, international, study tours, management, global"
9,NUTR 253,Cultural Aspects of Food and Nutrition,3,"nutrition, food, culture, health, global"
9,PHIL 106,Philosophy and Current Issues,3,"philosophy, current issues, society, global"
9,PHIL 212,Ethics of Technology and Big Data,3,"philosophy, ethics, technology, big data, global"
9,PHIL 218,Philosophy of Feminism,3,"philosophy, feminism, gender, global"
9,PHIL 225,Environmental Ethics,3,"philosophy, environmental ethics, environment, global"
9,PHIL 265,Philosophy of Religion,3,"philosophy, religion, belief, global"
9,PHIL 325,Advanced Social Political Philosophy,3,"philosophy, political philosophy, society, global"
9,PLAS 107,Invasive Plant Species: Impacts on Ecosystems,3,"plant science, ecosystems, environment, global"
9,PLAS 200,Landscape and Environmental Appreciation,3,"plant science, landscape, environment, global"
9,PLAS 307,Hydroponics for Growing Populations,3,"plant science, hydroponics, agriculture, global"
9,PLAS 319,Edible Landscapes,3,"plant science, landscape, food, agriculture, global"
9,POLS 160,International Relations,3,"political science, international relations, global"
9,POLS 333,Immigration and Politics,3,"political science, immigration, politics, global"
9,POLS 375,Conflict and Development in Africa,3,"political science, africa, conflict, development, global"
9,PSYC 330,Psychology of Diversity,3,"psychology, diversity, society, global"
9,RELG 108,World Religions,3,"religion, world religions, culture, global"
9,RELG 118,"Introduction to Hinduism, Buddhism, and Daoism",3,"religion, hinduism, buddhism, daoism, global"
9,RELG 134,Religious Diversity in America,3,"religion, diversity, american, global"
9,RELG 180,"Culture, Religion, and Society in Asia",3,"religion, asia, culture, society, global"
9,RELG 181,"Judaism, Christianity and Islam",3,"religion, judaism, christianity, islam, global"
9,RELG 201,"Yoga, Tantra, Zen",3,"religion, yoga, tantra, zen, global"
9,RELG 208,Introduction to Islam,3,"religion, islam, global"
9,RELG 209,Judaism and Christianity in Conflict and Coexistence,3,"religion, judaism, christianity, history, global"
9,RELG 215,Religion and Culture Before 1000 C.E.,3,"religion, culture, ancient, global"
9,RELG 218,History of Buddhism,3,"religion, buddhism, history, global"
9,RELG 226,The History of African-American Religious Experience,3,"religion, african american, history, diversity, global"
9,RELG 230,Tibetan Buddhism,3,"religion, buddhism, tibet, global"
9,SLPA 488,Linguistic Needs of Bilingual and Culturally Different Students,3,"speech language, bilingual, culture, diversity, global"
9,SOCI 180,Social Problems,3,"sociology, social problems, society, global"
9,SOCI 189H,University Honors Seminar,3,"sociology, honors, seminar, global"
9,SOCI 200,Gender in Contemporary Society,3,"sociology, gender, society, diversity, global"
9,SOCI 217,Sociology of Race and Ethnicity,3,"sociology, race, ethnicity, diversity, global"
9,SOCI 226,Families and Society,3,"sociology, families, society, diversity, global"
9,SPAN 321,Cultures of Spain,3,"spanish, culture, spain, international, global"
9,SPAN 331,War and Human Rights in Latin America,3,"spanish, war, human rights, latin america, global"
9,TEAC 330,Multicultural Education,3,"education, multicultural, diversity, global"
9,THEA 189H,University Honors Seminar,3,"theater, honors, seminar, global"
9,TMFD 123,Clothing and Society: You Are What You Wear,3,"textiles, clothing, society, culture, global"
9,UGEP 250,Global Awareness Through Education Abroad,3,"education abroad, global awareness, international, global"
9,WMNS 101,Introduction to Women's and Gender Studies,3,"women's studies, gender, diversity, global"
9,WMNS 189H,University Honors Seminar,3,"women's studies, honors, seminar, global"
9,WMNS 201,"Introduction to Lesbian, Gay, Bisexual, Transgender, Queer/Sexuality Studies",3,"women's studies, lgbtq, sexuality, diversity, global"
9,WMNS 202,"Women, Gender, and Health",3,"women's studies, gender, health, diversity, global"
9,WMNS 203,"Storytelling as Resistance: Gender, Race, and Sexuality",3,"women's studies, storytelling, gender, race, diversity, global"
9,WMNS 250,Sex and Gender Around the Globe,3,"women's studies, sex, gender, international, global"
10,ACTS 475,Actuarial Applications in Practice,3,"actuarial science, application, practice, math, capstone"
10,ADPR 429,Jacht Student Ad Agency,3,"advertising, public relations, agency, application, capstone"
10,ADPR 439,Student Competitions,3,"advertising, public relations, competitions, application, capstone"
10,ADPR 489,Advertising and Public Relations Campaigns,3,"advertising, public relations, campaigns, capstone"
10,AECN 420,International Food and Agricultural Trade,3,"economics, agriculture, trade, international, capstone"
10,AECN 425,Agricultural Marketing in a Multinational Environment,3,"economics, agriculture, marketing, global, capstone"
10,AECN 435,Advanced Agricultural Marketing Management,3,"economics, agriculture, marketing, management, capstone"
10,AECN 445,Agricultural and Natural Resource Policy Analysis,3,"economics, agriculture, natural resources, policy, capstone"
10,AECN 453,Agricultural and Rural Property Appraisal,3,"economics, agriculture, appraisal, property, capstone"
10,AGRI 485,Investigations in Applied Science,3,"agriculture, applied science, research, capstone"
10,AGST 462,Managing Technology in Agricultural Systems,3,"agriculture, technology, management, systems, capstone"
10,AHIS 400,Art History Capstone Experience,3,"art history, experience, research, capstone"
10,ALEC 431,Student Teaching,3,"leadership, education, student teaching, application, capstone"
10,ALEC 480,Capstone Experience in Agricultural and Environmental Sciences Communication,3,"leadership, agriculture, communication, experience, capstone"
10,ALEC 495A,Internship in Leadership Development,3,"leadership, internship, development, application, capstone"
10,ANTH 485,Anthropology Capstone,3,"anthropology, research, capstone"
10,ANTH 488,Contemporary Issues in Anthropology,3,"anthropology, contemporary issues, research, capstone"
10,ARCH 411,Architectural Design: Integrate,3,"architecture, design, integration, capstone"
10,AREN 415,HVAC Design,3,"architectural engineering, hvac, design, capstone"
10,AREN 425,Lighting Design,3,"architectural engineering, lighting, design, capstone"
10,ARTP 400,Capstone Art Experience,3,"art, experience, studio, capstone"
10,ASCI 410,Processed Meats,3,"animal science, meats, processing, capstone"
10,ASCI 450,Horse Management,3,"animal science, horse, management, capstone"
10,ASCI 455,Beef Cow-Calf Management,3,"animal science, beef, management, capstone"
10,ASCI 457,Beef Feedlot Management,3,"animal science, beef, feedlot, management, capstone"
10,ASCI 458,Advanced Companion Animal Biology,3,"animal science, companion animal, biology, capstone"
10,ATHT 445,Medical Conditions in Athletic Training,3,"athletic training, medical, practice, capstone"
10,BIOC 435,Advanced Topics in Biochemistry,3,"biochemistry, advanced topics, science, capstone"
10,BIOS 402,Cancer Biology,3,"biology, cancer, advanced, science, capstone"
10,BIOS 412,Human Genetics,3,"biology, genetics, human, science, capstone"
10,BIOS 418,Advanced Genetics,3,"biology, genetics, advanced, science, capstone"
10,BIOS 420,Molecular Genetics,3,"biology, genetics, molecular, science, capstone"
10,BIOS 421,Microbial Diversity,3,"biology, microbiology, diversity, science, capstone"
10,BIOS 422,Comparative Physiology,3,"biology, physiology, comparative, science, capstone"
10,BIOS 429,Phylogenetic Biology,3,"biology, phylogenetics, evolution, science, capstone"
10,BIOS 435,Evolutionary Medicine,3,"biology, evolution, medicine, science, capstone"
10,BIOS 452,Field Epidemiology,3,"biology, epidemiology, field research, science, capstone"
10,BIOS 453,Predator Ecology,3,"biology, ecology, predators, science, capstone"
10,BIOS 454,Ecological Interactions,3,"biology, ecology, interactions, science, capstone"
10,BIOS 457,Ecosystem Ecology,3,"biology, ecology, ecosystems, science, capstone"
10,BIOS 462,Animal Behavior,3,"biology, animal behavior, science, capstone"
10,BIOS 472,Evolution,3,"biology, evolution, science, capstone"
10,BIOS 487,Field Parasitology,3,"biology, parasitology, field research, science, capstone"
10,BRDC 429,Jacht Student Ad Agency,3,"broadcasting, agency, application, media, capstone"
10,BSEN 480,Design II in Agricultural and Biological Systems Engineering,3,"biological systems engineering, design, agriculture, capstone"
10,CASC 481,Multi-disciplinary Studies Capstone,3,"multi-disciplinary, integration, capstone"
10,CHEM 421,Analytical Chemistry,3,"chemistry, analytical, advanced, science, capstone"
10,CHEM 441,Inorganic Chemistry,3,"chemistry, inorganic, advanced, science, capstone"
10,CHME 453,Chemical Engineering Process Design and Safety,3,"chemical engineering, design, safety, capstone"
10,CIVE 402,Civil Engineering Design II,3,"civil engineering, design, capstone"
10,CIVE 402H,Honors: Civil Engineering Design II,3,"civil engineering, honors, design, capstone"
10,CIVE 444,Structural Design and Planning,3,"civil engineering, structural design, planning, capstone"
10,CIVE 489,Senior Design Project,3,"civil engineering, design, project, capstone"
10,CIVE 489H,Honors: Senior Design Project,3,"civil engineering, honors, design, project, capstone"
10,CLAS 401,Research Seminar,3,"classics, research, seminar, capstone"
10,CNST 489,Senior Construction Project,3,"construction, project, design, capstone"
10,COMM 489,Communication Studies Capstone,3,"communication, research, experience, capstone"
10,CONE 489,Construction Engineering Capstone Course,3,"construction engineering, design, project, capstone"
10,CRIM 397,Internship in Criminal Justice,3,"criminology, internship, application, justice, capstone"
10,CRIM 398,Research Internship,3,"criminology, research, internship, capstone"
10,CRIM 496,Issues in Crime and Justice,3,"criminology, crime, justice, advanced, capstone"
10,CSCE 487,Computer Science Senior Design Project,3,"computer science, design, project, computing, capstone"
10,CSCE 487H,Honors Computer Science Senior Design Project,3,"computer science, honors, design, project, computing, capstone"
10,CSCE 489,Computer Engineering Senior Design Project,3,"computer engineering, design, project, computing, capstone"
10,CSCE 489H,Honors Computer Engineering Senior Design Project,3,"computer engineering, honors, design, project, computing, capstone"
10,CYAF 403,Student Teaching Seminar in Family and Consumer Sciences,3,"family science, education, student teaching, seminar, capstone"
10,CYAF 410,ECEMS - Senior Capstone,3,"family science, early childhood, experience, capstone"
10,CYAF 497A,Student Teaching in Early Childhood Education: Preschool,3,"family science, education, student teaching, preschool, capstone"
10,CYAF 497D,"Community Internship in Child, Youth and Family Studies",3,"family science, internship, community, youth, capstone"
10,DANC 448,Dance Pedagogy,3,"dance, pedagogy, teaching, arts, capstone"
10,ECEN 495,Electrical Engineering Capstone II,3,"electrical engineering, design, project, capstone"
10,ECEN 499,Computer Engineering Capstone II,3,"computer engineering, design, project, capstone"
10,ECON 415,Economic and Business Forecasting,3,"economics, forecasting, business, advanced, capstone"
10,ECON 440,Regional Development,3,"economics, regional development, advanced, capstone"
10,ECON 458,20th Century United States Economic History,3,"economics, history, american, advanced, capstone"
10,ECON 481,Economics of the Labor Market,3,"economics, labor market, advanced, capstone"
10,ECON 482,Labor in the National Economy,3,"economics, labor, national economy, advanced, capstone"
10,EMAR 479,Capstone Project in Emerging Media Arts,3,"media arts, project, design, technology, capstone"
10,ENGL 487,English Capstone Experience,3,"english, literature, experience, capstone"
10,ENTO 485,Current Issues in Entomology,3,"entomology, current issues, advanced, science, capstone"
10,ENVE 402,Environmental Engineering Design II,3,"environmental engineering, design, project, capstone"
10,ENVR 489,Environmental Studies Senior Thesis I,3,"environmental studies, thesis, research, capstone"
10,ENVR 489H,Honors: Environmental Studies Senior Thesis I,3,"environmental studies, honors, thesis, research, capstone"
10,ENVR 499,Environmental Studies Senior Thesis II,3,"environmental studies, thesis, research, capstone"
10,ENVR 499H,Honors: Environmental Studies Senior Thesis II,3,"environmental studies, honors, thesis, research, capstone"
10,ETHN 400,Senior Seminar,3,"ethnic studies, seminar, research, capstone"
10,FDST 460,Food Product Development Concepts I,3,"food science, product development, design, capstone"
10,FORS 485,Forensic Science Capstone,3,"forensic science, capstone, research, application, science"
10,FREN 445,Topics in Medieval and Early Modern French Writing,3,"french, literature, writing, advanced, humanities, capstone"
10,FREN 453,Topics in Nineteenth Century French Culture and Writing,3,"french, culture, writing, history, advanced, capstone"
10,FREN 457,Modern French Writing,3,"french, writing, modern, advanced, capstone"
10,FREN 460,Literatures of French Expression,3,"french, literature, global, advanced, capstone"
10,FREN 461,Cultural Productions of the French-Speaking World,3,"french, culture, global, advanced, capstone"
10,FREN 482,Short Fiction,3,"french, literature, fiction, advanced, capstone"
10,FREN 483,French/Francophone Theater,3,"french, theater, performance, advanced, capstone"
10,FREN 485,Writing the Self: Autofiction in/and the French-Speaking World,3,"french, writing, autofiction, identity, advanced, capstone"
10,FREN 486,French and Francophone Women Writers,3,"french, literature, women, diversity, advanced, capstone"
10,GEOG 402,Geography Capstone,3,"geography, capstone, research, application, earth"
10,GEOL 400,Structural Geology,3,"geology, structural, advanced, earth, science, capstone"
10,GEOL 460,Summer Field Course,3,"geology, field research, application, earth, science, capstone"
10,GERM 445,Sixteenth- and Seventeenth-Century German Literature,3,"german, literature, history, advanced, capstone"
10,GERM 447,Eighteenth-Century Literature,3,"german, literature, history, advanced, capstone"
10,GERM 448,Romanticism,3,"german, literature, romanticism, advanced, capstone"
10,GERM 451,From Naturalism to Expressionism,3,"german, literature, history, advanced, capstone"
10,GERM 452,From the Weimar Republic into Exile,3,"german, literature, history, advanced, capstone"
10,GERM 453,History of German Poetry,3,"german, poetry, history, advanced, capstone"
10,GERM 454,German Literature and Philosophy,3,"german, literature, philosophy, advanced, capstone"
10,GERM 455,"Postwar German Literature: The Literature of West Germany, Austria, and Switzerland",3,"german, literature, postwar, global, advanced, capstone"
10,GERM 459,Works of Goethe and Schiller,3,"german, literature, history, advanced, capstone"
10,GERM 460,The Faust Tradition,3,"german, literature, tradition, advanced, capstone"
10,GLST 484,Global Studies Capstone,3,"global studies, capstone, research, international, application"
10,GRPH 428,Design Studio II: Design Capstone,3,"graphic design, design, studio, application, capstone"
10,HIST 450,Capstone Seminar,3,"history, capstone, seminar, research"
10,HIST 450H,Honors: Capstone Seminar,3,"history, honors, capstone, seminar, research"
10,HRTM 479,Senior Seminar in Hospitality Management,3,"hospitality, management, seminar, application, capstone"
10,IDES 411,Interior Design Studio V: Capstone Studio,3,"interior design, design, studio, application, capstone"
10,JOUR 400,Media Capstone,3,"journalism, media, capstone, application, project"
10,LARC 411,Design Studio VI: Advanced Design in Landscape Architecture,3,"landscape architecture, design, studio, advanced, capstone"
10,MATH 417,Group Theory,3,"mathematics, group theory, advanced, theory, capstone"
10,MATH 428,Principles of Operations Research,3,"mathematics, operations research, application, advanced, capstone"
10,MATH 435,Math in the City,3,"mathematics, application, community, advanced, capstone"
10,MATH 489,Stochastic Processes,3,"mathematics, stochastic processes, statistics, advanced, capstone"
10,MECH 446,Mechanical Engineering Design I,3,"mechanical engineering, design, project, capstone"
10,MECH 446H,Honors: Mechanical Engineering Design I,3,"mechanical engineering, honors, design, project, capstone"
10,MECH 447,Mechanical Engineering Design II,3,"mechanical engineering, design, project, capstone"
10,MECH 447H,Honors: Mechanical Engineering Design II,3,"mechanical engineering, honors, design, project, capstone"
10,METR 442,Advanced Synoptic Meteorology-Climatology,3,"meteorology, climatology, advanced, science, capstone"
10,METR 470,The Climate System: Analysis and Prediction,3,"meteorology, climate, analysis, prediction, science, capstone"
10,MNGT 475,Business Strategies,3,"management, business, strategy, application, capstone"
10,MNGT 475H,Honors: Business Policies and Strategies,3,"management, honors, business, strategy, application, capstone"
10,MUED 403,Student Teaching Seminar,3,"music education, teaching, seminar, application, capstone"
10,MUSC 384,Research Proposal Development,3,"music, research, proposal, capstone"
10,MUSC 384A,Research Proposal Development - BA in Music on the Research Track,3,"music, research, proposal, capstone"
10,MUSC 384B,Research Proposal Development - BM in Music History,3,"music, research, history, capstone"
10,MUSC 384E,Research Proposal Development - BM in Music Theory,3,"music, research, theory, capstone"
10,MUSC 445,Analysis for Performance,3,"music, analysis, performance, advanced, capstone"
10,MUSC 484,Music Technology: Capstone,3,"music, technology, production, application, capstone"
10,MUSC 499,Undergraduate Thesis,3,"music, thesis, research, capstone"
10,NRES 433,Wildlife Management Techniques,3,"natural resources, wildlife, management, application, capstone"
10,NRES 438,Grassland Conservation: Planning and Management,3,"natural resources, conservation, management, application, capstone"
10,NRES 441,Zoo Keeping and Management,3,"natural resources, zoo, management, application, capstone"
10,NRES 451,"Soils, Water, and Environmental Chemistry",3,"natural resources, soil, water, chemistry, advanced, capstone"
10,NRES 457,Green Space and Urban Forestry Management,3,"natural resources, forestry, urban, management, capstone"
10,NRES 459,Limnology,3,"natural resources, limnology, water, science, capstone"
10,NRES 463,Fisheries Science,3,"natural resources, fisheries, science, advanced, capstone"
10,NRES 475,Water Quality Strategy,3,"natural resources, water quality, strategy, application, capstone"
10,NUTR 404,Evaluation and Research Related to Health Promotion,3,"nutrition, health, research, evaluation, capstone"
10,NUTR 455,Advanced Nutrition,3,"nutrition, advanced, health, science, capstone"
10,PGAM 489,PGA Golf Management Integration,3,"pga management, golf, integration, application, capstone"
10,PHIL 400,Undergraduate Seminar in Philosophy,3,"philosophy, seminar, advanced, capstone"
10,PHIL 486,Philosophical Themes,3,"philosophy, themes, advanced, capstone"
10,PHYS 343,Physics of Lasers and Modern Optics,3,"physics, lasers, optics, advanced, science, capstone"
10,PHYS 441,Experimental Physics I,3,"physics, experimental, research, science, capstone"
10,PLAS 403,Scientific Writing and Communication,3,"plant science, writing, communication, science, capstone"
10,PLAS 405,Crop Management Strategies,3,"plant science, crops, management, strategy, capstone"
10,PLAS 427,Turfgrass Systems Management,3,"plant science, turfgrass, management, application, capstone"
10,PLAS 435,Agroecology,3,"plant science, agroecology, ecology, advanced, capstone"
10,PLAS 445,Livestock Management on Range and Pasture,3,"plant science, livestock, management, agriculture, capstone"
10,PLAS 469,Ecological Landscape Design,3,"plant science, landscape design, ecology, design, capstone"
10,PLAS 470,Critical Thinking in Landscape Management,3,"plant science, landscape management, critical thinking, application, capstone"
10,PLAS 488,Entrepreneurship and Enterprise Development,3,"plant science, entrepreneurship, business, development, capstone"
10,PLPT 418,Microbial Genetics & Genomics,3,"plant pathology, genetics, genomics, science, advanced, capstone"
10,POLS 400,Democracy and Democratic Citizenship,3,"political science, democracy, citizenship, advanced, capstone"
10,PSYC 350,Research Methods and Data Analysis,3,"psychology, research, data analysis, advanced, capstone"
10,RAIK 402H,Honors: RAIK Design Studio II,3,"raikes, honors, design studio, project, capstone"
10,RUSS 408,Russian in Mass and Social Media,3,"russian, media, language, advanced, capstone"
10,SLPA 421,Professional Issues for the Communication Disorders Specialist,3,"speech language, professional issues, application, capstone"
10,SOCI 489,Sociology Capstone,3,"sociology, capstone, research, application"
10,SPAN 405,Advanced Grammar,3,"spanish, grammar, advanced, language, capstone"
10,SPAN 407,History of the Spanish Language,3,"spanish, history, language, advanced, capstone"
10,SPAN 454,Gender and Sexuality in Spain,3,"spanish, gender, sexuality, culture, advanced, capstone"
10,SPAN 461,History and Fiction in Latin America,3,"spanish, history, fiction, latin america, advanced, capstone"
10,SPAN 465,Caribbean Literature and Culture,3,"spanish, literature, culture, caribbean, advanced, capstone"
10,SPAN 476,Exile and Migration,3,"spanish, exile, migration, culture, advanced, capstone"
10,SPAN 486,Spanish in the United States: Variation and Contact,3,"spanish, language, culture, american, advanced, capstone"
10,SPED 403,Seminar: General Special Education,3,"special education, seminar, teaching, application, capstone"
10,SPMC 450,Sports Media and Communication Capstone,3,"sports media, communication, capstone, application"
10,STAT 425,Statistical Collaboration II,3,"statistics, collaboration, application, data, capstone"
10,STAT 451,Development of Statistical Software,3,"statistics, software, development, computing, capstone"
10,STAT 471,Analysis of Messy Data,3,"statistics, data analysis, advanced, computing, capstone"
10,STAT 499,Undergraduate Thesis,3,"statistics, thesis, research, capstone"
10,TEAC 403A,Student Teaching Capstone Seminar,3,"teacher education, teaching, seminar, application, capstone"
10,TEAC 403B,Secondary Student Teaching Seminar,3,"teacher education, teaching, secondary, seminar, capstone"
10,THEA 472,Theatre Perspectives,3,"theater, perspectives, advanced, performance, capstone"
10,TMFD 412,Product Development IV: Trend Analysis & Product Conceptualization,3,"textiles, product development, design, application, capstone"
10,VBMS 403,Integrated Principles and Prevention of Livestock Diseases,3,"veterinary science, livestock, disease, science, capstone"
